title,country,dateAdded,releaseYear,rating,duration,listedIn
Dick Johnson Is Dead,United States,"September 25, 2021",2020,PG-13,90 min,Documentaries
Blood & Water,South Africa,"September 24, 2021",2021,TV-MA,2 Seasons,"International TV Shows, TV Dramas, TV Mysteries"
Ganglands,,"September 24, 2021",2021,TV-MA,1 Season,"Crime TV Shows, International TV Shows, TV Action & Adventure"
Jailbirds New Orleans,,"September 24, 2021",2021,TV-MA,1 Season,"Docuseries, Reality TV"
Kota Factory,India,"September 24, 2021",2021,TV-MA,2 Seasons,"International TV Shows, Romantic TV Shows, TV Comedies"
Midnight Mass,,"September 24, 2021",2021,TV-MA,1 Season,"TV Dramas, TV Horror, TV Mysteries"
My Little Pony: A New Generation,,"September 24, 2021",2021,PG,91 min,Children & Family Movies
Sankofa,"United States, Ghana, Burkina Faso, United Kingdom, Germany, Ethiopia","September 24, 2021",1993,TV-MA,125 min,"Dramas, Independent Movies, International Movies"
The Great British Baking Show,United Kingdom,"September 24, 2021",2021,TV-14,9 Seasons,"British TV Shows, Reality TV"
The Starling,United States,"September 24, 2021",2021,PG-13,104 min,"Comedies, Dramas"
"Vendetta: Truth, Lies and The Mafia",,"September 24, 2021",2021,TV-MA,1 Season,"Crime TV Shows, Docuseries, International TV Shows"
Bangkok Breaking,,"September 23, 2021",2021,TV-MA,1 Season,"Crime TV Shows, International TV Shows, TV Action & Adventure"
Je Suis Karl,"Germany, Czech Republic","September 23, 2021",2021,TV-MA,127 min,"Dramas, International Movies"
Confessions of an Invisible Girl,,"September 22, 2021",2021,TV-PG,91 min,"Children & Family Movies, Comedies"
Crime Stories: India Detectives,,"September 22, 2021",2021,TV-MA,1 Season,"British TV Shows, Crime TV Shows, Docuseries"
Dear White People,United States,"September 22, 2021",2021,TV-MA,4 Seasons,"TV Comedies, TV Dramas"
Europe's Most Dangerous Man: Otto Skorzeny in Spain,,"September 22, 2021",2020,TV-MA,67 min,"Documentaries, International Movies"
Falsa identidad,Mexico,"September 22, 2021",2020,TV-MA,2 Seasons,"Crime TV Shows, Spanish-Language TV Shows, TV Dramas"
Intrusion,,"September 22, 2021",2021,TV-14,94 min,Thrillers
Loki,,"June 9, 2021",2021,TV-14,1 Season,"Action-Adventure, Fantasy, Science Fiction"
Gordon Ramsay: Uncharted,United States,"June 4, 2021",2018,TV-14,3 Seasons,"Action-Adventure, Docuseries, Lifestyle"
MUPPET BABIES,"South Korea, United States, China, Japan","June 4, 2021",2017,TV-Y,3 Seasons,"Animation, Kids"
Raya and the Last Dragon,United States,"June 4, 2021",2021,PG,112 min,"Action-Adventure, Animation, Family"
Red Tails,United States,"June 4, 2021",2012,PG-13,126 min,"Action-Adventure, Drama, Historical"
Us Again,,"June 4, 2021",2021,G,7 min,"Animation, Dance, Family"
American Eid,,"May 28, 2021",2021,G,21 min,Drama
Bluey,"Australia, United Kingdom","May 28, 2021",2019,TV-Y,2 Seasons,"Animation, Kids"
Dinner Is Served,,"May 28, 2021",2021,TV-PG,21 min,"Coming of Age, Drama"
Disney Sydney To The Max,United States,"May 28, 2021",2018,TV-G,3 Seasons,"Comedy, Coming of Age, Family"
Growing Fangs,,"May 28, 2021",2021,TV-PG,20 min,"Coming of Age, Fantasy"
Kingdom of the Polar Bears,,"May 28, 2021",2021,TV-PG,1 Season,"Animals & Nature, Docuseries"
Let's Be Tigers,,"May 28, 2021",2021,PG,15 min,Drama
The Last of the Chupacabras,,"May 28, 2021",2021,TV-PG,14 min,Fantasy
The Little Prince(ss),,"May 28, 2021",2021,PG,19 min,Drama
Maai Baap,,,2007,ALL,111 min,"Drama, Kids"
Love is not what it used to be,,,2014,16+,89 min,Comedy
Let's enjoy Kenya safari like a popular online tour!,,,2020,TV-NR,1 Season,Documentary
Karuppu Aadu,,,2020,13+,93 min,Action
JUHOU 2405 Reason of my death,,,2012,TV-NR,1 Season,Horror
Irudhi Suttru,,,2016,13+,106 min,Drama
Inji iduppazhagi,,,2015,13+,119 min,Comedy
Ilakku,,,2015,13+,99 min,"Action, Drama"
Ice Soldiers,,,2013,R,95 min,"Action, Suspense"
Hi Porgi Kunachi,,,2007,ALL,131 min,"Comedy, Drama"
Gunde Pranayam,,,2021,16+,96 min,"Action, Comedy, Drama"
Familiars,,,2021,16+,91 min,Horror
Eternal Love of Dream,,,2020,13+,1 Season,"Drama, Romance, Science Fiction"
Ennul Aayiram,,,2016,13+,130 min,Romance
Eddie Izzard: Force Majeure,,,2013,18+,86 min,"Arts, Entertainment, and Culture, Comedy, Special Interest"
Eddie Izzard: Dress To Kill,,,1999,18+,115 min,"Arts, Entertainment, and Culture, Comedy, Special Interest"
Dragon King Legend .Born Disappeared Martial Soul,,,2021,13+,1 Season,Animation
Dostana,"India, United States",,2008,13+,142 min,"Comedy, International"
Deva Shapath Khota Saangen Khara Sangnar Nahi,,,2006,ALL,131 min,Comedy
Desert Dancer,,,2016,13+,104 min,"Arts, Entertainment, and Culture, Drama"
Demonte Colony,,,2015,13+,111 min,"Horror, Suspense"
Court Lady,,,2021,13+,1 Season,"Drama, Romance"
Chashme Bahaddar,India,,2006,ALL,146 min,Comedy
Bruce Lee,,,2017,13+,119 min,"Action, Comedy"
Jaguar,,"September 22, 2021",2021,TV-MA,1 Season,"International TV Shows, Spanish-Language TV Shows, TV Action & Adventure"
Monsters Inside: The 24 Faces of Billy Milligan,,"September 22, 2021",2021,TV-14,1 Season,"Crime TV Shows, Docuseries, International TV Shows"
Resurrection: Ertugrul,Turkey,"September 22, 2021",2018,TV-14,5 Seasons,"International TV Shows, TV Action & Adventure, TV Dramas"
Avvai Shanmughi,,"September 21, 2021",1996,TV-PG,161 min,"Comedies, International Movies"
Go! Go! Cory Carson: Chrissy Takes the Wheel,,"September 21, 2021",2021,TV-Y,61 min,Children & Family Movies
Jeans,India,"September 21, 2021",1998,TV-14,166 min,"Comedies, International Movies, Romantic Movies"
Love on the Spectrum,Australia,"September 21, 2021",2021,TV-14,2 Seasons,"Docuseries, International TV Shows, Reality TV"
Minsara Kanavu,,"September 21, 2021",1997,TV-PG,147 min,"Comedies, International Movies, Music & Musicals"
Grown Ups,United States,"September 20, 2021",2010,PG-13,103 min,Comedies
Dark Skies,United States,"September 19, 2021",2013,PG-13,97 min,"Horror Movies, Sci-Fi & Fantasy"
Paranoia,"United States, India, France","September 19, 2021",2013,PG-13,106 min,Thrillers
Ankahi Kahaniya,,"September 17, 2021",2021,TV-14,111 min,"Dramas, Independent Movies, International Movies"
Chicago Party Aunt,,"September 17, 2021",2021,TV-MA,1 Season,TV Comedies
Sex Education,United Kingdom,"September 17, 2021",2020,TV-MA,3 Seasons,"British TV Shows, International TV Shows, TV Comedies"
Squid Game,,"September 17, 2021",2021,TV-MA,1 Season,"International TV Shows, TV Dramas, TV Thrillers"
Tayo and Little Wizards,,"September 17, 2021",2020,TV-Y7,1 Season,Kids' TV
The Father Who Moves Mountains,,"September 17, 2021",2021,TV-MA,110 min,"Dramas, International Movies, Thrillers"
The Stronghold,,"September 17, 2021",2021,TV-MA,105 min,"Action & Adventure, Dramas, International Movies"
Angry Birds,Finland,"September 16, 2021",2018,TV-Y7,1 Season,"Kids' TV, TV Comedies"
Birth of the Dragon,"China, Canada, United States","September 16, 2021",2017,PG-13,96 min,"Action & Adventure, Dramas"
Chhota Bheem,India,"September 16, 2021",2021,TV-Y7,3 Seasons,Kids' TV
He-Man and the Masters of the Universe,United States,"September 16, 2021",2021,TV-Y7,1 Season,"Kids' TV, TV Sci-Fi & Fantasy"
Jaws,United States,"September 16, 2021",1975,PG,124 min,"Action & Adventure, Classic Movies, Dramas"
Jaws 2,United States,"September 16, 2021",1978,PG,116 min,"Dramas, Horror Movies, Thrillers"
Jaws 3,United States,"September 16, 2021",1983,PG,98 min,"Action & Adventure, Horror Movies, Thrillers"
Jaws: The Revenge,United States,"September 16, 2021",1987,PG-13,91 min,"Action & Adventure, Horror Movies, Thrillers"
My Heroes Were Cowboys,,"September 16, 2021",2021,PG,23 min,Documentaries
Safe House,"South Africa, United States, Japan","September 16, 2021",2012,R,115 min,Action & Adventure
The Smart Money Woman,,"September 16, 2021",2020,TV-MA,1 Season,"International TV Shows, Romantic TV Shows, TV Comedies"
Training Day,United States,"September 16, 2021",2001,R,122 min,"Dramas, Thrillers"
Castle and Castle,Nigeria,"September 15, 2021",2021,TV-MA,2 Seasons,"International TV Shows, TV Dramas"
Dharmakshetra,India,"September 15, 2021",2014,TV-PG,1 Season,"International TV Shows, TV Dramas, TV Sci-Fi & Fantasy"
InuYasha the Movie 2: The Castle Beyond the Looking Glass,Japan,"September 15, 2021",2002,TV-14,99 min,"Action & Adventure, Anime Features, International Movies"
InuYasha the Movie 3: Swords of an Honorable Ruler,Japan,"September 15, 2021",2003,TV-14,99 min,"Action & Adventure, Anime Features, International Movies"
InuYasha the Movie 4: Fire on the Mystic Island,Japan,"September 15, 2021",2004,TV-PG,88 min,"Action & Adventure, Anime Features, International Movies"
InuYasha the Movie: Affections Touching Across Time,Japan,"September 15, 2021",2001,TV-PG,100 min,"Action & Adventure, Anime Features, International Movies"
Nailed It,United States,"September 15, 2021",2021,TV-PG,6 Seasons,Reality TV
Naruto Shippuden the Movie: Blood Prison,Japan,"September 15, 2021",2011,TV-14,102 min,"Action & Adventure, Anime Features, International Movies"
Naruto Shippûden the Movie: Bonds,Japan,"September 15, 2021",2008,TV-PG,93 min,"Action & Adventure, Anime Features, International Movies"
Naruto Shippûden the Movie: The Will of Fire,Japan,"September 15, 2021",2009,TV-PG,96 min,"Action & Adventure, Anime Features, International Movies"
Naruto Shippuden: The Movie,Japan,"September 15, 2021",2007,TV-PG,95 min,"Action & Adventure, Anime Features, International Movies"
Naruto Shippuden: The Movie: The Lost Tower,Japan,"September 15, 2021",2010,TV-14,85 min,"Action & Adventure, Anime Features, International Movies"
Naruto the Movie 2: Legend of the Stone of Gelel,Japan,"September 15, 2021",2005,TV-PG,97 min,"Action & Adventure, Anime Features, International Movies"
Naruto the Movie 3: Guardians of the Crescent Moon Kingdom,Japan,"September 15, 2021",2006,TV-PG,95 min,"Action & Adventure, Anime Features, International Movies"
Naruto the Movie: Ninja Clash in the Land of Snow,Japan,"September 15, 2021",2004,TV-PG,83 min,"Action & Adventure, Anime Features, International Movies"
Nightbooks,,"September 15, 2021",2021,TV-PG,103 min,Children & Family Movies
Numberblocks,United Kingdom,"September 15, 2021",2021,TV-Y,6 Seasons,Kids' TV
Raja Rasoi Aur Anya Kahaniyan,India,"September 15, 2021",2014,TV-G,1 Season,"Docuseries, International TV Shows"
Saved by the Bell,United States,"September 15, 2021",1994,TV-PG,9 Seasons,"Kids' TV, TV Comedies"
Schumacher,,"September 15, 2021",2021,TV-14,113 min,"Documentaries, International Movies, Sports Movies"
Stories by Rabindranath Tagore,India,"September 15, 2021",2015,TV-PG,1 Season,"International TV Shows, TV Dramas"
Too Hot To Handle: Latino,,"September 15, 2021",2021,TV-MA,1 Season,"International TV Shows, Reality TV, Romantic TV Shows"
A StoryBots Space Adventure,,"September 14, 2021",2021,TV-Y,13 min,Children & Family Movies
Jack Whitehall: Travels with My Father,United Kingdom,"September 14, 2021",2021,TV-MA,5 Seasons,"British TV Shows, Docuseries, International TV Shows"
King of Boys,Nigeria,"September 14, 2021",2018,TV-MA,182 min,"Dramas, International Movies"
The World's Most Amazing Vacation Rentals,,"September 14, 2021",2021,TV-PG,2 Seasons,Reality TV
You vs. Wild: Out Cold,,"September 14, 2021",2021,TV-G,106 min,Children & Family Movies
Yowamushi Pedal,Japan,"September 14, 2021",2013,TV-14,1 Season,"Anime Series, International TV Shows"
Little Singham - Black Shadow,,"September 11, 2021",2021,TV-Y7,48 min,"Children & Family Movies, Comedies"
Tughlaq Durbar,,"September 11, 2021",2020,TV-14,145 min,"Comedies, Dramas, International Movies"
Tughlaq Durbar (Telugu),,"September 11, 2021",2021,TV-14,145 min,"Comedies, Dramas, International Movies"
Firedrake the Silver Dragon,,"September 10, 2021",2021,TV-Y7,93 min,Children & Family Movies
Kate,United States,"September 10, 2021",2021,R,106 min,Action & Adventure
Lucifer,United States,"September 10, 2021",2021,TV-14,6 Seasons,"Crime TV Shows, TV Comedies, TV Dramas"
Metal Shop Masters,,"September 10, 2021",2021,TV-MA,1 Season,Reality TV
Omo Ghetto: the Saga,Nigeria,"September 10, 2021",2020,TV-MA,147 min,"Action & Adventure, Comedies, Dramas"
Pokémon Master Journeys: The Series,,"September 10, 2021",2021,TV-Y7,1 Season,"Anime Series, Kids' TV"
Prey,,"September 10, 2021",2021,TV-MA,87 min,"International Movies, Thrillers"
Titipo Titipo,,"September 10, 2021",2019,TV-Y,2 Seasons,"Kids' TV, Korean TV Shows"
Blood Brothers: Malcolm X & Muhammad Ali,,"September 9, 2021",2021,PG-13,96 min,"Documentaries, Sports Movies"
Mighty Raju,,"September 9, 2021",2017,TV-Y7,4 Seasons,Kids' TV
Paradise Hills,"Spain, United States","September 9, 2021",2019,TV-MA,95 min,"Sci-Fi & Fantasy, Thrillers"
The Women and the Murderer,France,"September 9, 2021",2021,TV-14,92 min,"Documentaries, International Movies"
Into the Night,Belgium,"September 8, 2021",2021,TV-MA,2 Seasons,"International TV Shows, TV Dramas, TV Mysteries"
JJ+E,,"September 8, 2021",2021,TV-MA,91 min,"Dramas, International Movies, Romantic Movies"
Show Dogs,"United Kingdom, United States","September 8, 2021",2018,PG,90 min,"Children & Family Movies, Comedies"
The Circle,"United States, United Kingdom","September 8, 2021",2021,TV-MA,3 Seasons,Reality TV
If I Leave Here Tomorrow: A Film About Lynyrd Skynyrd,United States,"September 7, 2021",2018,TV-MA,97 min,"Documentaries, Music & Musicals"
Kid Cosmic,United States,"September 7, 2021",2021,TV-Y7,2 Seasons,"Kids' TV, TV Comedies, TV Sci-Fi & Fantasy"
Octonauts: Above & Beyond,United Kingdom,"September 7, 2021",2021,TV-Y,1 Season,"British TV Shows, Kids' TV"
On the Verge,"France, United States","September 7, 2021",2021,TV-MA,1 Season,"TV Comedies, TV Dramas"
Tobot Galaxy Detectives,,"September 7, 2021",2019,TV-Y7,2 Seasons,Kids' TV
Untold: Breaking Point,United States,"September 7, 2021",2021,TV-MA,80 min,"Documentaries, Sports Movies"
Countdown: Inspiration4 Mission to Space,,"September 6, 2021",2021,TV-14,1 Season,"Docuseries, Science & Nature TV"
Shadow Parties,,"September 6, 2021",2020,TV-MA,117 min,"Dramas, International Movies, Thrillers"
Tayo the Little Bus,South Korea,"September 6, 2021",2016,TV-Y,2 Seasons,"Kids' TV, Korean TV Shows"
Angamaly Diaries,India,"September 5, 2021",2017,TV-14,128 min,"Action & Adventure, Comedies, Dramas"
Bunk'd,United States,"September 5, 2021",2021,TV-G,5 Seasons,"Kids' TV, TV Comedies"
A Champion Heart,United States,"September 4, 2021",2018,G,90 min,"Children & Family Movies, Dramas"
Dive Club,Australia,"September 3, 2021",2021,TV-G,1 Season,"Kids' TV, TV Dramas, Teen TV Shows"
La casa de papel,Spain,"September 3, 2021",2021,TV-MA,5 Seasons,"Crime TV Shows, International TV Shows, Spanish-Language TV Shows"
Money Heist: From Tokyo to Berlin,,"September 3, 2021",2021,TV-MA,1 Season,"Docuseries, International TV Shows, Spanish-Language TV Shows"
Sharkdog,"United States, Singapore","September 3, 2021",2021,TV-Y,1 Season,Kids' TV
Worth,,"September 3, 2021",2021,PG-13,119 min,Dramas
Afterlife of the Party,,"September 2, 2021",2021,TV-PG,110 min,"Comedies, Romantic Movies"
Anjaam,India,"September 2, 2021",1994,TV-14,143 min,"Dramas, International Movies, Thrillers"
Bright Star,"United Kingdom, Australia, France","September 2, 2021",2009,PG,119 min,"Dramas, Romantic Movies"
Dhanak,India,"September 2, 2021",2015,TV-PG,114 min,"Comedies, Dramas, Independent Movies"
Final Account,"United Kingdom, United States","September 2, 2021",2021,PG-13,94 min,Documentaries
Gurgaon,India,"September 2, 2021",2017,TV-14,106 min,"Dramas, International Movies, Thrillers"
Here and There,,"September 2, 2021",2020,TV-MA,99 min,"Dramas, International Movies, Romantic Movies"
Heroes of Goo Jit Zu,Australia,"September 2, 2021",2021,TV-Y7,1 Season,"Kids' TV, TV Comedies"
Hotel Del Luna,,"September 2, 2021",2019,TV-14,1 Season,"International TV Shows, Romantic TV Shows, TV Comedies"
In the Cut,"United Kingdom, Australia, France, United States","September 2, 2021",2003,R,118 min,Thrillers
Luv Kushh,,"September 2, 2021",2012,TV-Y7,1 Season,Kids' TV
Pororo - The Little Penguin,South Korea,"September 2, 2021",2013,TV-Y7,3 Seasons,"Kids' TV, Korean TV Shows"
Q-Force,United States,"September 2, 2021",2021,TV-MA,1 Season,"Crime TV Shows, TV Action & Adventure, TV Comedies"
Shikara,India,"September 2, 2021",2020,TV-14,115 min,"Dramas, International Movies, Romantic Movies"
A Cinderella Story,"United States, Canada","September 1, 2021",2004,PG,95 min,"Children & Family Movies, Comedies"
Agatha Christie's Crooked House,,"September 1, 2021",2017,PG-13,115 min,"Dramas, International Movies, Thrillers"
An Unfinished Life,"Germany, United States","September 1, 2021",2005,PG-13,108 min,Dramas
Barbie Big City Big Dreams,,"September 1, 2021",2021,TV-Y,63 min,"Children & Family Movies, Music & Musicals"
Blade Runner: The Final Cut,United States,"September 1, 2021",1982,R,117 min,"Action & Adventure, Classic Movies, Cult Movies"
Brave Animated Series,,"September 1, 2021",2021,TV-MA,1 Season,"International TV Shows, TV Action & Adventure, TV Comedies"
Chappie,"South Africa, United States","September 1, 2021",2015,R,121 min,"Action & Adventure, Sci-Fi & Fantasy"
Clear and Present Danger,"United States, Mexico","September 1, 2021",1994,PG-13,142 min,"Action & Adventure, Dramas"
Cliffhanger,"United States, Italy, France, Japan","September 1, 2021",1993,R,113 min,Action & Adventure
Cold Mountain,"United States, Italy, Romania, United Kingdom","September 1, 2021",2003,R,154 min,"Dramas, Romantic Movies"
Crocodile Dundee in Los Angeles,"Australia, United States","September 1, 2021",2001,PG,95 min,"Action & Adventure, Comedies"
Dear John,United States,"September 1, 2021",2010,PG-13,108 min,"Dramas, Romantic Movies"
Do the Right Thing,United States,"September 1, 2021",1989,R,120 min,"Classic Movies, Comedies, Dramas"
"El patrón, radiografía de un crimen","Argentina, Venezuela","September 1, 2021",2014,TV-MA,100 min,"Dramas, International Movies, Thrillers"
Extraction,"United States, United Kingdom, Canada","September 1, 2021",2015,R,82 min,Action & Adventure
Freedom Writers,"Germany, United States","September 1, 2021",2007,PG-13,124 min,Dramas
Green Lantern,United States,"September 1, 2021",2011,PG-13,114 min,"Action & Adventure, Sci-Fi & Fantasy"
House Party,United States,"September 1, 2021",1990,R,104 min,"Comedies, Cult Movies"
House Party 2,United States,"September 1, 2021",1991,R,94 min,"Comedies, Cult Movies, Music & Musicals"
House Party 3,United States,"September 1, 2021",1994,R,94 min,"Comedies, Music & Musicals"
How to Be a Cowboy,,"September 1, 2021",2021,TV-PG,1 Season,Reality TV
HQ Barbers,,"September 1, 2021",2020,TV-14,1 Season,TV Shows
I Got the Hook Up,United States,"September 1, 2021",1998,R,93 min,"Action & Adventure, Comedies"
In Too Deep,United States,"September 1, 2021",1999,R,97 min,Thrillers
Initial D,"China, Hong Kong","September 1, 2021",2005,TV-14,109 min,"Action & Adventure, International Movies"
Janoskians: Untold and Untrue,United States,"September 1, 2021",2016,TV-MA,88 min,Comedies
Kid-E-Cats,Russia,"September 1, 2021",2016,TV-Y,2 Seasons,Kids' TV
Kuroko's Basketball,Japan,"September 1, 2021",2015,TV-MA,3 Seasons,"Anime Series, International TV Shows, Teen TV Shows"
Labyrinth,"United Kingdom, United States","September 1, 2021",1986,PG,101 min,"Action & Adventure, Children & Family Movies, Cult Movies"
Letters to Juliet,United States,"September 1, 2021",2010,PG,105 min,"Comedies, Dramas, Romantic Movies"
Level 16,Canada,"September 1, 2021",2018,TV-14,102 min,"Sci-Fi & Fantasy, Thrillers"
Love Don't Cost a Thing,United States,"September 1, 2021",2003,PG-13,101 min,"Comedies, Romantic Movies"
Love in a Puff,Hong Kong,"September 1, 2021",2010,TV-MA,103 min,"Comedies, Dramas, International Movies"
Major Dad,United States,"September 1, 2021",1992,TV-PG,4 Seasons,TV Comedies
Mars Attacks!,United States,"September 1, 2021",1996,PG-13,106 min,"Comedies, Cult Movies, Sci-Fi & Fantasy"
Marshall,"United States, China, Hong Kong","September 1, 2021",2017,PG-13,118 min,Dramas
My Boss's Daughter,United States,"September 1, 2021",2003,R,86 min,"Comedies, Romantic Movies"
Mystery Men,United States,"September 1, 2021",1999,PG-13,121 min,"Action & Adventure, Comedies"
Oldsters,,"September 1, 2021",2019,TV-MA,1 Season,"Crime TV Shows, International TV Shows, Spanish-Language TV Shows"
Once Upon a Time in America,"Italy, United States","September 1, 2021",1984,R,229 min,"Classic Movies, Dramas"
Open Season 2,"United States, Canada","September 1, 2021",2008,PG,76 min,"Children & Family Movies, Comedies"
Osmosis Jones,United States,"September 1, 2021",2001,PG,95 min,"Action & Adventure, Children & Family Movies, Comedies"
Poseidon,United States,"September 1, 2021",2006,PG-13,98 min,"Action & Adventure, Dramas"
Rhyme & Reason,United States,"September 1, 2021",1997,R,89 min,"Documentaries, Music & Musicals"
Same Kind of Different as Me,United States,"September 1, 2021",2017,PG-13,120 min,"Dramas, Faith & Spirituality"
School of Rock,"United States, Germany","September 1, 2021",2003,PG-13,110 min,"Comedies, Music & Musicals"
Snervous Tyler Oakley,United States,"September 1, 2021",2015,PG-13,83 min,"Documentaries, LGBTQ Movies"
Tears of the Sun,United States,"September 1, 2021",2003,R,121 min,"Action & Adventure, Dramas"
The Blue Lagoon,United States,"September 1, 2021",1980,R,105 min,"Dramas, Romantic Movies"
The Golden Child,United States,"September 1, 2021",1986,PG-13,94 min,"Action & Adventure, Comedies"
The Guns of Navarone,"United Kingdom, United States","September 1, 2021",1961,TV-14,156 min,"Action & Adventure, Classic Movies"
Movie,,,2021,13+,67 min,Documentary
Movie,,,2016,18+,27 min,Drama
Movie,,,2008,13+,91 min,Documentary
Movie,,,2019,ALL,38 min,Kids
TV Show,,,2017,ALL,1 Season,"Animation, Kids, Special Interest"
Movie,,,2019,ALL,37 min,"Kids, Special Interest"
Movie,,,2020,ALL,60 min,Kids
Movie,,,2015,ALL,7 min,Kids
Movie,,,2019,ALL,30 min,Kids
Movie,,,2016,ALL,10 min,Kids
Movie,,,2016,ALL,9 min,Kids
TV Show,,,2017,16+,1 Season,"Documentary, Sports"
Movie,India,,2020,16+,120 min,Suspense
Movie,,,1996,18+,107 min,"Comedy, LGBTQ"
Movie,,,2017,R,92 min,"Action, Adventure, Suspense"
TV Show,,,2020,16+,1 Season,"Comedy, Talk Show and Variety"
Movie,,,2017,R,97 min,Comedy
TV Show,,,2017,TV-14,1 Season,"Action, Adventure, Anime"
Movie,,,2020,13+,96 min,Drama
Movie,,,1992,PG-13,90 min,"Comedy, Sports"
TV Show,,,2014,18+,1 Season,"Documentary, International"
Movie,,,2014,16+,84 min,"Documentary, Special Interest"
Movie,,,1944,18+,59 min,"Drama, Suspense"
Movie,,,1937,13+,59 min,Comedy
Movie,,,2004,PG-13,104 min,"Comedy, Drama, Romance"
TV Show,,,2014,TV-14,1 Season,Science Fiction
Movie,,,2019,18+,153 min,"Action, International"
TV Show,,,2019,TV-NR,2 Seasons,"Comedy, Drama"
TV Show,,,2019,TV-NR,2 Seasons,"Comedy, Drama"
TV Show,,,2019,TV-NR,2 Seasons,TV Shows
TV Show,,,2019,16+,1 Season,TV Shows
TV Show,,,2017,TV-14,1 Season,TV Shows
Movie,,,2007,R,90 min,Action
TV Show,United States,,2019,7+,2 Seasons,Kids
TV Show,,,2011,7+,1 Season,Kids
Movie,,,2012,NR,92 min,Drama
Movie,Germany,,2019,G,114 min,"Documentary, Special Interest"
Movie,Germany,,2019,13+,114 min,"Documentary, Special Interest"
TV Show,,,2018,13+,1 Season,TV Shows
TV Show,,,1996,TV-Y,1 Season,"Documentary, Kids"
TV Show,,,2018,TV-NR,1 Season,TV Shows
Movie,,,2021,16+,78 min,Horror
Movie,,,2011,G,95 min,Action
Movie,,,1998,R,91 min,"Action, Suspense"
TV Show,,,2018,16+,2 Seasons,TV Shows
Movie,United States,,2014,R,86 min,"Action, Comedy, Fantasy"
Movie,,,2014,PG-13,100 min,"Action, Adventure, Drama"
TV Show,,,2020,TV-PG,1 Season,Comedy
Movie,,,2019,,55 min,Documentary
Movie,,,2018,7+,102 min,"Drama, Faith and Spirituality, Kids"
TV Show,,,2020,7+,1 Season,"Documentary, Special Interest"
Movie,,,2021,16+,87 min,"Documentary, Drama"
Movie,,,2013,13+,53 min,"Documentary, Special Interest"
TV Show,,,2018,TV-NR,1 Season,TV Shows
TV Show,,,2018,TV-MA,1 Season,"Documentary, Suspense"
TV Show,,,2015,TV-PG,1 Season,Special Interest
Movie,,,2017,16+,77 min,Science Fiction
Movie,,,2020,ALL,28 min,Kids
Movie,,,2020,ALL,30 min,Kids
Movie,,,2020,ALL,26 min,Kids
Movie,,,2019,7+,30 min,"Comedy, Kids"
TV Show,,,2019,TV-14,1 Season,TV Shows
TV Show,,,2017,16+,1 Season,TV Shows
Movie,,,1992,R,92 min,"Action, Sports, Suspense"
Movie,,,2010,13+,123 min,Action
Movie,,,2018,,85 min,"Arts, Entertainment, and Culture, Comedy, Documentary"
Movie,,,2012,18+,57 min,"Arts, Entertainment, and Culture, Comedy, Special Interest"
Movie,,,2020,18+,81 min,"Arts, Entertainment, and Culture, Comedy"
Movie,,,2014,18+,83 min,"Arts, Entertainment, and Culture, Comedy, Special Interest"
Movie,,,2014,18+,68 min,"Arts, Entertainment, and Culture, Comedy, Special Interest"
Movie,India,,2019,16+,153 min,"Action, Drama, Historical"
Movie,,,1977,18+,83 min,Comedy
TV Show,,,2007,13+,4 Seasons,"Action, Animation, Anime"
TV Show,,,2019,TV-NR,1 Season,TV Shows
Movie,,,2013,18+,65 min,"Arts, Entertainment, and Culture, Comedy, Special Interest"
Movie,,,1975,,97 min,Drama
Movie,,,2019,13+,154 min,International
TV Show,,,2018,13+,1 Season,TV Shows
Movie,,,2018,,127 min,Suspense
TV Show,,,2019,TV-NR,1 Season,TV Shows
Movie,India,,2021,13+,137 min,Suspense
Movie,India,,2021,NR,137 min,Suspense
Movie,,,2020,16+,58 min,Documentary
Movie,,,2018,ALL,52 min,"Documentary, Special Interest"
Movie,,,2020,16+,60 min,Science Fiction
Movie,India,,2019,13+,166 min,"Drama, International, Romance"
Movie,,,2019,13+,123 min,"Comedy, Drama, Romance"
TV Show,,,2013,TV-Y7,1 Season,"Animation, Kids"
Movie,India,,2018,ALL,148 min,"Action, Adventure, Drama"
TV Show,,,2017,TV-14,1 Season,"Anime, Comedy, International"
TV Show,,,2016,TV-MA,1 Season,Anime
Movie,India,,2021,16+,137 min,Suspense
Movie,India,,2021,16+,137 min,Suspense
Movie,,,2019,13+,164 min,"Action, International"
Movie,,,2018,13+,160 min,"Action, Adventure, International"
Movie,,,2018,13+,161 min,"Action, Adventure, International"
Movie,,,2018,13+,161 min,"Action, Adventure, Kids"
Movie,,,2018,16+,53 min,"Arts, Entertainment, and Culture"
Movie,,,2018,13+,155 min,"Action, International"
Movie,,,2018,13+,155 min,"Action, International"
Movie,,,2018,13+,154 min,"Action, International"
Movie,,,2018,13+,155 min,"Action, International"
Movie,,,2019,18+,84 min,"Comedy, LGBTQ"
Movie,,,2018,13+,100 min,Drama
TV Show,,,2020,ALL,1 Season,"Animation, Kids"
TV Show,,,2019,ALL,5 Seasons,Kids
Movie,,,2018,18+,94 min,Drama
Movie,,,2019,ALL,55 min,"Kids, Special Interest"
Movie,,,2016,ALL,60 min,"Documentary, Special Interest"
TV Show,,,1945,13+,1 Season,Action
TV Show,,,2016,13+,1 Season,Drama
TV Show,,,2020,16+,1 Season,"Comedy, Talk Show and Variety"
Movie,,,1934,PG,81 min,"Comedy, Drama"
Movie,,,1977,R,92 min,"Action, Comedy, Documentary"
Movie,,,2020,ALL,60 min,"Documentary, Special Interest"
Movie,,,2020,16+,103 min,Drama
Movie,,,2016,R,93 min,Comedy
Movie,,,2016,,60 min,"Arts, Entertainment, and Culture, Comedy, Special Interest"
Movie,,,2008,NR,42 min,Music Videos and Concerts
Movie,United States,,1979,PG,112 min,Drama
Movie,,,2020,NR,75 min,Documentary
Movie,,,2019,18+,63 min,"Arts, Entertainment, and Culture, Comedy, Special Interest"
TV Show,,,2018,13+,1 Season,"Horror, Unscripted"
Movie,,,1954,7+,110 min,"Drama, Western"
Movie,,,2017,18+,95 min,Horror
Movie,,,2012,,51 min,Documentary
Movie,,,2010,13+,66 min,"Documentary, Special Interest"
Movie,,,2009,18+,66 min,"Arts, Entertainment, and Culture, Comedy, Special Interest"
Movie,,,2004,NR,90 min,Music Videos and Concerts
Movie,,,2013,,57 min,"Documentary, Sports"
Movie,,,2019,18+,58 min,"Arts, Entertainment, and Culture, Comedy, Special Interest"
TV Show,,,2010,16+,1 Season,Documentary
Movie,,,2011,NR,39 min,Music Videos and Concerts
TV Show,,,2020,ALL,1 Season,"Comedy, Kids"
TV Show,,,2020,18+,1 Season,"Arts, Entertainment, and Culture"
Movie,,,2015,,76 min,"Arts, Entertainment, and Culture, Comedy, Special Interest"
Movie,,,2012,,60 min,"Arts, Entertainment, and Culture, Comedy, Special Interest"
TV Show,,,1991,TV-PG,1 Season,"Drama, Fantasy, Kids"
TV Show,,,1989,TV-PG,1 Season,"Drama, Fantasy, Kids"
TV Show,,,2001,ALL,1 Season,"Adventure, Fantasy"
TV Show,United States,,2020,13+,1 Season,"Arts, Entertainment, and Culture, Comedy"
TV Show,,,2019,13+,1 Season,"Arts, Entertainment, and Culture, Comedy, Special Interest"
Movie,,,2018,13+,68 min,"Arts, Entertainment, and Culture, Comedy, Special Interest"
Movie,,,2009,18+,63 min,"Arts, Entertainment, and Culture, Comedy, Special Interest"
Movie,,,2019,18+,62 min,"Arts, Entertainment, and Culture, Comedy, Special Interest"
Movie,,,2007,NR,41 min,Special Interest
TV Show,,,2019,TV-PG,1 Season,"Documentary, Special Interest"
TV Show,India,,2019,16+,1 Season,"Arts, Entertainment, and Culture, Comedy, Unscripted"
Movie,,,1962,13+,105 min,Drama
Movie,,,2015,18+,57 min,"Arts, Entertainment, and Culture, Comedy, Special Interest"
TV Show,,,2004,TV-14,1 Season,"Drama, Science Fiction"
Movie,,,2014,18+,59 min,"Arts, Entertainment, and Culture, Comedy, Special Interest"
Movie,,,2020,,59 min,Documentary
TV Show,,,2011,ALL,1 Season,"Animation, Kids"
Movie,,,1995,R,94 min,"Comedy, Drama"
Movie,,,2015,,58 min,"Arts, Entertainment, and Culture, Comedy, Special Interest"
Movie,,,2014,18+,58 min,"Arts, Entertainment, and Culture, Comedy, Special Interest"
Movie,,,2008,18+,58 min,"Arts, Entertainment, and Culture, Comedy, Special Interest"
Movie,,,2012,18+,80 min,"Arts, Entertainment, and Culture, Comedy, Special Interest"
Movie,,,2011,18+,97 min,"Arts, Entertainment, and Culture, Comedy, Special Interest"
Movie,,,2014,18+,84 min,"Arts, Entertainment, and Culture, Comedy, Special Interest"
Movie,,,2014,16+,61 min,"Arts, Entertainment, and Culture, Comedy, Special Interest"
TV Show,United States,,2017,16+,1 Season,"Action, Comedy"
Movie,,,2015,18+,106 min,Drama
TV Show,,,2020,16+,1 Season,"Arts, Entertainment, and Culture, Comedy"
Movie,,,2015,18+,63 min,"Arts, Entertainment, and Culture, Comedy, Special Interest"
Movie,,,2020,18+,64 min,"Arts, Entertainment, and Culture, Comedy, Special Interest"
Movie,,,1933,ALL,54 min,"Action, Western"
Movie,,,2017,7+,130 min,"Drama, Suspense"
Movie,,,2014,18+,62 min,"Arts, Entertainment, and Culture, Comedy, Special Interest"
Movie,,,2020,ALL,84 min,Documentary
Movie,,,2016,18+,65 min,"Arts, Entertainment, and Culture, Comedy, Special Interest"
Movie,,,2014,,56 min,Documentary
TV Show,,,2016,TV-PG,2 Seasons,"Special Interest, Unscripted"
TV Show,United Kingdom,,2020,13+,1 Season,Documentary
TV Show,United Kingdom,,2020,13+,1 Season,Unscripted
TV Show,,,2013,ALL,1 Season,Special Interest
TV Show,,,2016,16+,3 Seasons,Special Interest
Movie,,,2018,13+,104 min,"Drama, International"
Movie,,,2013,,54 min,Documentary
Movie,,,2019,ALL,129 min,"Action, International"
Movie,,,2019,ALL,134 min,"Action, International"
Movie,,,2015,PG-13,91 min,Drama
Movie,,,2018,16+,52 min,"Documentary, Music Videos and Concerts"
Movie,,,2017,16+,80 min,Horror
Movie,,,2016,R,104 min,Horror
Movie,,,2010,PG-13,87 min,"Comedy, Drama"
Movie,,,2020,ALL,31 min,Kids
Movie,,,2016,7+,77 min,"Animation, Kids"
Movie,,,2018,13+,83 min,Documentary
Movie,,,2019,ALL,157 min,"Comedy, International"
Movie,,,2014,,57 min,Documentary
Movie,,,2017,ALL,479 min,"Documentary, Special Interest"
Movie,,,2020,16+,88 min,Documentary
Movie,India,,2018,13+,118 min,"Comedy, Drama, International"
Movie,India,,2019,13+,133 min,"Drama, International, Suspense"
Movie,India,,2012,PG,132 min,International
Movie,,,2021,13+,82 min,Documentary
Movie,,,2012,R,93 min,"Action, Science Fiction"
Movie,,,2019,7+,77 min,"Documentary, Special Interest"
TV Show,,,2018,NR,1 Season,TV Shows
TV Show,,,2013,TV-MA,1 Season,Action
TV Show,,,2014,16+,1 Season,"Drama, Romance"
TV Show,,,2017,TV-NR,1 Season,TV Shows
Movie,,,2019,R,140 min,"Drama, International"
TV Show,,,2021,TV-MA,1 Season,"Action, Animation"
TV Show,,,2012,ALL,1 Season,"Documentary, Special Interest"
Movie,,,1956,PG,80 min,"Drama, Horror, Science Fiction"
Movie,,,2012,13+,53 min,"Documentary, LGBTQ"
Movie,,,2020,16+,120 min,Science Fiction
Movie,United Kingdom,,2017,18+,84 min,Action
TV Show,,"March 30, 2021",2011,TV-NR,2 Seasons,"International, Suspense"
Movie,,,1950,PG,61 min,"Comedy, Drama"
TV Show,,,2012,TV-14,1 Season,Drama
Movie,,,2013,R,105 min,Drama
TV Show,,,2018,16+,1 Season,"Arts, Entertainment, and Culture, Comedy, Unscripted"
Movie,,,2020,,53 min,"Documentary, Special Interest"
TV Show,India,,2019,18+,2 Seasons,"Drama, International, Sports"
TV Show,,,2019,TV-PG,1 Season,"International, Sports"
TV Show,,,2016,TV-Y,1 Season,Kids
Movie,,,2016,18+,13 min,"Drama, Suspense"
TV Show,,,2011,TV-14,1 Season,"Drama, Suspense"
TV Show,,,2019,18+,1 Season,Drama
Movie,,,2017,13+,103 min,"Science Fiction, Suspense"
Movie,,,2020,18+,107 min,"Drama, Romance, Suspense"
Movie,,,2019,ALL,10 min,"Action, Comedy"
Movie,,,2010,18+,63 min,"Arts, Entertainment, and Culture, Comedy, Special Interest"
Movie,"United Kingdom, United States",,2017,R,106 min,Suspense
Movie,,,1992,PG,91 min,Documentary
Movie,,,2016,13+,89 min,"Action, Adventure"
Movie,,,1933,13+,65 min,Comedy
Movie,,,2016,7+,129 min,Documentary
Movie,,,2017,R,104 min,"Adventure, Comedy, Drama"
TV Show,,,2014,TV-PG,1 Season,"Documentary, Special Interest"
Movie,,,2020,13+,11 min,Comedy
Movie,,,2004,R,98 min,"Action, Adventure, Drama"
Movie,,,1999,R,100 min,"Horror, Suspense"
Movie,,,2020,ALL,1 min,Comedy
Movie,,,1950,13+,93 min,"Drama, Suspense"
Movie,,,2012,,90 min,"Drama, Horror, Suspense"
Movie,,,2013,18+,75 min,"Arts, Entertainment, and Culture, Comedy, Special Interest"
Movie,,,2019,18+,60 min,"Comedy, Documentary, Special Interest"
TV Show,,,2020,16+,1 Season,Comedy
TV Show,,,2018,13+,1 Season,"Comedy, Unscripted"
Movie,,,2019,13+,126 min,"Drama, Romance"
Movie,,,2008,NR,38 min,Music Videos and Concerts
Movie,,,2019,ALL,28 min,"Action, Special Interest, Sports"
Movie,,,2007,R,86 min,"Action, Comedy, Horror"
Movie,,,2019,PG,89 min,"Animation, Kids"
Movie,,,2016,16+,108 min,Documentary
Movie,,,2008,18+,84 min,"LGBTQ, Suspense"
Movie,,,2000,16+,90 min,"Action, Suspense"
Movie,,,2016,18+,57 min,"Arts, Entertainment, and Culture, Comedy, LGBTQ"
Movie,,,2018,18+,54 min,"Arts, Entertainment, and Culture, Comedy, Special Interest"
TV Show,,,1962,TV-G,1 Season,Unscripted
Movie,,,1936,13+,74 min,Suspense
TV Show,,,1997,18+,1 Season,"Documentary, Special Interest"
TV Show,,,2015,TV-14,1 Season,TV Shows
Movie,,,2020,16+,77 min,"Arts, Entertainment, and Culture, Comedy"
TV Show,,,2008,TV-14,1 Season,TV Shows
TV Show,,,2010,13+,3 Seasons,"Documentary, Drama"
Movie,,,2017,,98 min,"Arts, Entertainment, and Culture, Comedy, Documentary"
Movie,,,2013,ALL,51 min,"Kids, Special Interest"
Movie,,,2011,ALL,38 min,"Documentary, Kids, Special Interest"
TV Show,United States,,2017,18+,1 Season,"Comedy, Drama, Romance"
Movie,,,2017,16+,80 min,"Comedy, Horror"
Movie,,,1933,PG-13,61 min,Drama
Movie,,,2003,R,113 min,"Arthouse, Drama, International"
Movie,,,2009,13+,61 min,Documentary
Movie,,,1958,PG-13,77 min,Horror
Movie,,,2015,7+,8 min,"Action, Comedy"
Movie,,,2014,18+,68 min,"Arts, Entertainment, and Culture, Comedy, Special Interest"
TV Show,,,2007,TV-PG,2 Seasons,Comedy
Movie,,,2016,R,120 min,"Action, Military and War"
TV Show,,,2012,16+,8 Seasons,"Action, Comedy, Drama"
Movie,,,1950,PG,73 min,Comedy
TV Show,,,2018,TV-MA,1 Season,"Documentary, Special Interest"
TV Show,,,2018,TV-PG,3 Seasons,"Documentary, Drama, Special Interest"
TV Show,United States,,2020,18+,1 Season,"Adventure, Drama"
TV Show,,,2019,13+,4 Seasons,"Action, Suspense, Unscripted"
TV Show,,,2015,TV-MA,2 Seasons,"Comedy, Drama"
Movie,,,2017,7+,52 min,"Documentary, Special Interest"
TV Show,,,2018,TV-14,3 Seasons,"Drama, Science Fiction, Suspense"
Movie,,,2017,PG-13,141 min,Documentary
Movie,,,1963,7+,112 min,"Drama, Western"
Movie,,,2019,,56 min,"Arts, Entertainment, and Culture, Comedy, Special Interest"
TV Show,,,2018,TV-14,1 Season,"Drama, Special Interest"
Movie,,,2016,13+,43 min,"Documentary, LGBTQ"
Movie,,,2016,18+,82 min,"Documentary, Special Interest"
TV Show,,,2014,TV-PG,10 Seasons,Comedy
Movie,,,2019,13+,57 min,"Documentary, Special Interest"
TV Show,,,1990,ALL,1 Season,Kids
Movie,,,1958,13+,76 min,"Drama, Horror, Suspense"
Movie,,,2004,R,126 min,"Arthouse, Drama"
Movie,,,1986,R,92 min,Horror
Movie,Australia,,2017,13+,84 min,Documentary
TV Show,,,2020,TV-MA,1 Season,"Documentary, Special Interest, Unscripted"
Movie,,,2014,18+,111 min,"Action, Comedy, LGBTQ"
Movie,,,2011,NR,38 min,Music Videos and Concerts
Movie,United States,,2016,R,84 min,"Action, Drama, Western"
Movie,,,2014,PG,57 min,"Special Interest, Western"
TV Show,,,2014,ALL,3 Seasons,"Animation, Kids"
TV Show,,,2015,TV-NR,1 Season,"Comedy, Kids"
Movie,,,2002,PG-13,90 min,"Kids, Western"
Movie,,,2016,,95 min,"Drama, Suspense"
Movie,,,2019,ALL,17 min,"Animation, Kids"
Movie,,,1935,13+,72 min,"Comedy, Drama"
Movie,United States,,2020,PG-13,99 min,"Action, Suspense"
TV Show,,,2017,TV-NR,1 Season,"Drama, LGBTQ, Suspense"
TV Show,,,2009,ALL,1 Season,"Special Interest, Unscripted"
TV Show,United States,,2020,16+,2 Seasons,"Drama, Suspense"
Movie,,,2020,,84 min,"Comedy, Special Interest"
Movie,,,1995,PG-13,103 min,"Comedy, Drama"
TV Show,,,2017,TV-PG,2 Seasons,"Drama, Historical, Military and War"
TV Show,,,1989,13+,2 Seasons,"Drama, Romance"
Movie,,,2016,16+,87 min,"Horror, Suspense"
Movie,,,2011,NR,26 min,Music Videos and Concerts
Movie,,,2013,,85 min,Drama
TV Show,,,1986,16+,1 Season,"Drama, Romance"
TV Show,,,2012,TV-PG,5 Seasons,"Documentary, Drama, Unscripted"
TV Show,,,2017,TV-14,1 Season,"Anime, Comedy, International"
TV Show,,,2008,TV-14,1 Season,"Documentary, Drama, Special Interest"
TV Show,,,2008,TV-G,1 Season,"Documentary, Special Interest"
Movie,,,2012,R,106 min,"Fantasy, Science Fiction"
Movie,,,2019,18+,141 min,"Comedy, International"
Movie,,,2007,R,86 min,"Action, Science Fiction"
Movie,,,1991,16+,110 min,"Action, Science Fiction"
Movie,,,2010,16+,87 min,"Documentary, Special Interest"
Movie,,,1929,13+,70 min,"Action, Drama"
Movie,,,2016,13+,96 min,Drama
Movie,,,1987,PG-13,99 min,"Action, Adventure, Comedy"
Movie,,,2020,,56 min,Special Interest
Movie,,,1947,13+,71 min,"Arts, Entertainment, and Culture, Drama"
Movie,,,2014,18+,79 min,"Arts, Entertainment, and Culture, Comedy, LGBTQ"
Movie,,,2019,13+,106 min,Documentary
Movie,,,1937,13+,118 min,"Action, Drama, Military and War"
Movie,India,,2019,16+,159 min,"Action, Drama, International"
TV Show,,,1974,7+,6 Seasons,Comedy
Movie,,,1938,13+,56 min,"Action, Drama, Suspense"
Movie,,,1968,13+,97 min,Comedy
Movie,,,1992,PG-13,94 min,"Drama, Suspense"
Movie,,,2018,,58 min,"Arts, Entertainment, and Culture, Comedy, Special Interest"
Movie,,,1975,13+,105 min,Drama
Movie,India,,2018,13+,136 min,"International, Romance"
Movie,,,2011,R,99 min,Horror
Movie,,,1938,PG,60 min,"Action, Drama"
Movie,,,2017,7+,111 min,"Adventure, Drama, Kids"
Movie,,,2014,18+,114 min,"Action, Drama"
TV Show,,,2019,TV-14,1 Season,"Action, Adventure, Drama"
Movie,,,2013,R,110 min,"Suspense, Western"
Movie,,,1936,NR,99 min,"Action, Military and War"
Movie,,,2018,13+,108 min,"Arts, Entertainment, and Culture, Comedy"
TV Show,,,2016,TV-G,1 Season,"Documentary, Special Interest"
Movie,,,2008,NR,30 min,Music Videos and Concerts
Movie,,,2017,18+,107 min,Documentary
Movie,,,2014,13+,85 min,Documentary
TV Show,,,2020,TV-14,1 Season,"Documentary, Drama, Horror"
TV Show,,,2013,TV-14,1 Season,"Documentary, Special Interest"
TV Show,,,2012,TV-14,1 Season,"Horror, Suspense"
Movie,,,2018,18+,128 min,"Drama, International, Suspense"
Movie,,,2013,R,81 min,Horror
Movie,,,2010,R,85 min,Horror
Movie,,,2018,13+,52 min,"Documentary, Special Interest"
Movie,United States,,1971,PG,92 min,"Comedy, Drama"
TV Show,,,2018,NR,1 Season,"Arts, Entertainment, and Culture, Documentary"
Movie,,,2011,NR,35 min,Music Videos and Concerts
TV Show,,,2018,16+,1 Season,"Drama, Romance"
Movie,,,2006,R,101 min,"Action, Drama"
Movie,,,1996,R,102 min,"Action, Comedy, Drama"
Movie,,,2006,R,104 min,"Drama, Suspense"
Movie,,,2011,R,99 min,Comedy
TV Show,,,2018,TV-NR,1 Season,TV Shows
Movie,,,2003,,93 min,"Comedy, Drama"
Movie,,,2015,18+,100 min,"Adventure, Drama"
Wicked Tuna,United States,"May 28, 2021",2016,TV-14,10 Seasons,"Action-Adventure, Animals & Nature, Docuseries"
Big City Greens,"United States, South Korea","May 21, 2021",2017,TV-Y7,2 Seasons,"Action-Adventure, Animation, Comedy"
Fury Files,,"May 21, 2021",2013,TV-Y7,1 Season,"Animation, Superhero"
Ice Road Rescue,United Kingdom,"May 21, 2021",2015,TV-14,5 Seasons,"Docuseries, Reality, Survival"
Tinker Bell and the Legend of the NeverBeast,United States,"May 21, 2021",2014,G,79 min,"Action-Adventure, Animation, Fantasy"
Schoolhouse Rock!,United States,"May 17, 2021",1973,TV-G,6 Seasons,"Animals & Nature, Animation, Kids"
Disney Special Agent Oso: Three Healthy Steps (Shorts),,"May 14, 2021",2011,TV-Y,1 Season,"Action-Adventure, Animation, Kids"
Race to the Center of the Earth,United States,"May 14, 2021",2021,TV-14,1 Season,"Action-Adventure, Family, Game Show / Competition"
Special Agent Oso,"United States, United Kingdom, South Korea","May 14, 2021",2009,TV-Y,2 Seasons,"Action-Adventure, Animation, Kids"
X-Men: The Last Stand,"United States, United Kingdom, Canada","May 14, 2021",2006,PG-13,105 min,"Action-Adventure, Family, Science Fiction"
The Incredible Hulk,United States,"May 10, 2021",1996,TV-Y7,2 Seasons,"Action-Adventure, Animation, Kids"
Fantastic Four: Rise of the Silver Surfer,"United States, Germany, United Kingdom","May 7, 2021",2007,PG,93 min,"Action-Adventure, Family, Science Fiction"
Wander Over Yonder,"United States, Canada, Ireland","May 7, 2021",2013,TV-Y7,2 Seasons,Comedy
Wild Hearts Can't Be Broken,United States,"May 7, 2021",1991,G,89 min,"Biographical, Drama"
"Maggie Simpson in ""The Force Awakens from its Nap""",,"May 4, 2021",2021,TV-PG,4 min,"Animation, Comedy, Parody"
Star Wars Biomes,,"May 4, 2021",2021,TV-G,18 min,Science Fiction
Star Wars Vehicle Flythroughs,,"May 4, 2021",2021,TV-G,1 Season,"Anthology, Science Fiction"
The Bad Batch,,"May 4, 2021",2021,TV-PG,1 Season,"Action-Adventure, Animation, Science Fiction"
Spider-Man,United States,"May 3, 2021",1994,TV-Y7,5 Seasons,"Action-Adventure, Animation, Kids"
22 vs. Earth,,"April 30, 2021",2021,TV-PG,9 min,"Animation, Comedy, Family"
Adventures in Wonderland,,"April 30, 2021",1996,TV-G,1 Season,"Fantasy, Musical"
Disney My Music Story SUKIMASWITCH,,"April 30, 2021",2020,TV-PG,81 min,"Biographical, Documentary, Music"
DuckTales,United States,"April 30, 2021",2017,TV-Y7,3 Seasons,"Action-Adventure, Animation, Comedy"
Oklahoma!,United States,"April 30, 2021",1956,TV-PG,148 min,"Musical, Romance, Western"
Baby's Day Out,United States,"April 23, 2021",1994,PG,99 min,"Action-Adventure, Comedy, Crime"
Being the Queen,United States,"April 23, 2021",2020,TV-14,44 min,"Biographical, Documentary"
Liv and Maddie,United States,"April 23, 2021",2013,TV-G,4 Seasons,"Comedy, Coming of Age, Kids"
Secrets of the Whales,,"April 22, 2021",2021,TV-PG,1 Season,"Animals & Nature, Docuseries"
Big Shot,,"April 16, 2021",2021,TV-PG,1 Season,"Comedy, Drama, Sports"
Earth Moods,,"April 16, 2021",2021,TV-G,1 Season,"Animals & Nature, Anthology"
Primal Survivor,United States,"April 16, 2021",2014,TV-PG,5 Seasons,"Docuseries, Reality, Survival"
Rio,"United States, Brazil","April 16, 2021",2011,G,99 min,"Action-Adventure, Animation, Comedy"
The Kid Who Would Be King,"United Kingdom, United States","April 16, 2021",2019,PG,121 min,"Action-Adventure, Coming of Age, Family"
Treasure Buddies,"United States, Canada","April 16, 2021",2012,G,96 min,"Action-Adventure, Comedy, Kids"
White Fang 2: Myth of the White Wolf,United States,"April 16, 2021",1994,PG,106 min,"Action-Adventure, Animals & Nature, Drama"
Cesar Millan: The Real Story,United States,"April 9, 2021",2012,TV-PG,45 min,"Biographical, Documentary"
Future-Worm!,United States,"April 9, 2021",2016,TV-Y7,1 Season,"Family, Kids"
Kick Buttowski: Suburban Daredevil,United States,"April 9, 2021",2010,TV-Y7,2 Seasons,"Action-Adventure, Animation"
Man of the House,United States,"April 9, 2021",1995,PG,97 min,"Comedy, Coming of Age, Crime"
Mark Twain and Me,"Canada, United States","April 9, 2021",1991,TV-PG,93 min,"Biographical, Coming of Age, Drama"
Squanto: A Warrior's Tale,"United States, Canada","April 9, 2021",1994,PG,102 min,"Action-Adventure, Biographical, Drama"
Caravan of Courage: An Ewok Adventure,,"April 2, 2021",1984,TV-PG,97 min,"Action-Adventure, Fantasy, Science Fiction"
Ewoks: The Battle for Endor,United States,"April 2, 2021",1985,TV-PG,97 min,"Action-Adventure, Fantasy, Science Fiction"
Higglytown Heroes,"United States, South Korea","April 2, 2021",2004,TV-Y,2 Seasons,"Animation, Kids, Musical"
Island at the Top of the World,United States,"April 2, 2021",1974,G,94 min,"Action-Adventure, Fantasy, Survival"
Made in a Day,United States,"April 2, 2021",2020,TV-PG,1 Season,Reality
Night at the Museum,"United States, United Kingdom","April 2, 2021",2006,PG,109 min,"Action-Adventure, Comedy, Family"
Secrets Of The Zoo,,"April 2, 2021",2017,TV-PG,4 Seasons,"Animals & Nature, Docuseries, Family"
Sharks Of The Bermuda Triangle,,"April 2, 2021",2020,TV-PG,45 min,"Animals & Nature, Documentary"
Star Wars Vintage: Clone Wars 2D Micro-Series,,"April 2, 2021",2021,TV-Y7-FV,1 Season,Series
Star Wars Vintage: Story of the Faithful Wookiee,,"April 2, 2021",2021,TV-Y7-FV,9 min,Animation
Star Wars: Ewoks,,"April 2, 2021",1985,TV-Y7-FV,2 Seasons,"Action-Adventure, Animation, Fantasy"
The Big Year,"United States, Canada","April 2, 2021",2011,PG,101 min,"Animals & Nature, Comedy"
The Last Ice,United States,"April 2, 2021",2020,TV-14,82 min,"Animals & Nature, Documentary"
Third Man on the Mountain,"United States, United Kingdom","April 2, 2021",1959,G,107 min,"Action-Adventure, Coming of Age, Family"
Walk the Prank,United States,"April 2, 2021",2016,TV-Y7,3 Seasons,"Comedy, Reality"
Gnomeo & Juliet,"United Kingdom, United States, Canada, Ireland","March 26, 2021",2011,G,86 min,"Action-Adventure, Animation, Family"
Pickle and Peanut,United States,"March 26, 2021",2015,TV-Y7,2 Seasons,Comedy
The Mighty Ducks: Game Changers,,"March 26, 2021",2021,TV-PG,1 Season,"Comedy, Drama, Sports"
Disney Big Hero 6 The Series,United States,"March 19, 2021",2017,TV-G,3 Seasons,"Action-Adventure, Animation, Kids"
Disney My Music Story: Perfume,,"March 19, 2021",2019,,53 min,"Biographical, Documentary, Music"
Mexico Untamed,,"March 19, 2021",2018,TV-PG,1 Season,"Animals & Nature, Docuseries"
The Falcon and The Winter Soldier,,"March 19, 2021",2021,TV-14,1 Season,"Action-Adventure, Buddy, Science Fiction"
Doc McStuffins: The Doc Is In,,"March 12, 2021",2020,TV-Y,24 min,"Animation, Kids, Medical"
Marvel Studios ASSEMBLED,,"March 12, 2021",2021,,1 Season,"Anthology, Docuseries"
Miss Peregrine's Home for Peculiar Children,"United States, United Kingdom, Belgium, Canada","March 12, 2021",2016,PG-13,127 min,"Coming of Age, Fantasy"
Own the Room,,"March 12, 2021",2021,TV-14,91 min,Documentary
Garfield: A Tail of Two Kitties,"United Kingdom, United States","March 5, 2021",2006,PG,79 min,"Comedy, Family, Kids"
American Dragon: Jake Long,United States,"February 26, 2021",2004,TV-Y7,2 Seasons,"Action-Adventure, Animation, Comedy"
Car SOS,United Kingdom,"February 26, 2021",2012,TV-PG,8 Seasons,"Buddy, Comedy, Docuseries"
Disney Channel Games 2008,,"February 26, 2021",2008,TV-G,1 Season,"Game Show / Competition, Sports, Variety"
Disney Roll It Back (Shorts),,"February 26, 2021",2019,TV-Y7,1 Season,"Comedy, Docuseries, Family"
Dog With a Blog,United States,"February 26, 2021",2012,TV-G,3 Seasons,"Comedy, Fantasy"
Mickey Go Local,,"February 26, 2021",2019,TV-G,1 Season,"Animation, Comedy, Kids"
Myth: A Frozen Tale,United States,"February 26, 2021",2021,TV-G,12 min,"Animation, Family, Fantasy"
Okavango: River of Dreams,"Austria, South Africa","February 26, 2021",2020,TV-PG,95 min,"Animals & Nature, Documentary"
Pair of Kings,United States,"February 26, 2021",2010,TV-Y7,3 Seasons,"Action-Adventure, Comedy, Coming of Age"
Secrets of Sulphur Springs,United States,"February 26, 2021",2021,TV-PG,1 Season,"Family, Fantasy, Mystery"
Shanghai Disney Resort Grand Opening Gala,,"February 26, 2021",2016,TV-G,24 min,Variety
Cheaper By the Dozen,United States,"February 19, 2021",2003,PG,99 min,"Comedy, Family"
Cheaper by the Dozen 2,"United States, Canada","February 19, 2021",2005,PG,95 min,"Comedy, Family"
Flora & Ulysses,United States,"February 19, 2021",2021,PG,95 min,"Comedy, Coming of Age, Drama"
The Book of Life,,"February 19, 2021",2014,PG,101 min,"Action-Adventure, Animation, Comedy"
The Muppet Show,"United States, United Kingdom","February 19, 2021",1976,TV-PG,5 Seasons,"Comedy, Family, Variety"
Marvel Battleworld: Mystery of the Thanostones,United States,"February 12, 2021",2020,TV-Y7-FV,1 Season,"Action-Adventure, Animation, Fantasy"
Marvel's Behind the Mask,,"February 12, 2021",2021,TV-14,65 min,"Anthology, Documentary"
Rodgers & Hammerstein's Cinderella,,"February 12, 2021",1997,G,86 min,"Comedy, Family, Fantasy"
You Again,United States,"February 12, 2021",2010,PG,106 min,Comedy
Disney My Music Story: Yoshiki,"United States, Japan","February 5, 2021",2019,TV-PG,48 min,"Biographical, Documentary, Music"
Expedition Everest,United States,"February 5, 2021",2020,TV-PG,45 min,"Animals & Nature, Documentary"
Upside-Down Magic,"United States, Canada","February 5, 2021",2020,TV-PG,97 min,"Coming of Age, Fantasy"
Wicked Tuna: Outer Banks,,"February 5, 2021",2013,TV-14,7 Seasons,"Animals & Nature, Docuseries, Family"
Dinosaurs,United States,"January 29, 2021",1991,TV-PG,4 Seasons,"Comedy, Family"
Texas Storm Squad,,"January 29, 2021",2020,TV-14,44 min,Documentary
Pixar Popcorn,United States,"January 22, 2021",2021,TV-PG,1 Season,"Animation, Anthology, Family"
Wild Uganda,,"January 22, 2021",2018,TV-PG,45 min,"Animals & Nature, Documentary"
Elena of Avalor,United States,"January 15, 2021",2015,TV-Y7,3 Seasons,"Action-Adventure, Animation, Fantasy"
Isle of Dogs,"United States, Germany, United Kingdom","January 15, 2021",2018,PG-13,102 min,"Action-Adventure, Animation, Comedy"
Mary Poppins Returns,"United States, United Kingdom","January 15, 2021",2018,PG,140 min,"Family, Fantasy, Musical"
WandaVision,United States,"January 15, 2021",2021,TV-14,1 Season,"Drama, Fantasy, Mystery"
Disney Fam Jam,United States,"January 8, 2021",2020,TV-G,1 Season,"Family, Game Show / Competition, Reality"
Ferdinand,"United States, Spain","January 8, 2021",2017,PG,111 min,"Action-Adventure, Animation, Comedy"
Marvel Studios LEGENDS,United States,"January 8, 2021",2021,TV-14,1 Season,"Action-Adventure, Docuseries, Fantasy"
Toy Story: That Time Forgot,United States,"January 8, 2021",2014,TV-G,22 min,"Action-Adventure, Animation, Comedy"
700 Sharks,France,"January 1, 2021",2018,TV-PG,45 min,"Animals & Nature, Documentary"
Big Sharks Rule,,"January 1, 2021",2018,TV-14,45 min,"Animals & Nature, Documentary"
Dr. Seuss' Horton Hears a Who!,United States,"January 1, 2021",2008,G,88 min,"Animation, Comedy, Family"
Great Shark Chow Down,,"January 1, 2021",2019,TV-PG,45 min,"Animals & Nature, Documentary"
Mega Hammerhead,United States,"January 1, 2021",2016,TV-PG,43 min,"Animals & Nature, Documentary"
Burrow,United States,"December 25, 2020",2020,G,6 min,"Animation, Family"
Cosmos: Possible Worlds,United States,"December 25, 2020",2020,TV-14,1 Season,"Action-Adventure, Docuseries, Family"
Disney Gallery / Star Wars: The Mandalorian,United States,"December 25, 2020",2020,TV-PG,2 Seasons,"Action-Adventure, Docuseries, Family"
Max Keeble's Big Move,United States,"December 25, 2020",2001,PG,88 min,"Comedy, Family"
Soul,United States,"December 25, 2020",2020,PG,107 min,"Animation, Comedy, Family"
Arendelle Castle Yule Log,United States,"December 18, 2020",2020,TV-G,180 min,"Animation, Family"
Buried Truth of the Maya,United States,"December 18, 2020",2020,TV-PG,48 min,"Documentary, Historical"
Disney Parks Sunrise Series,,"December 18, 2020",2021,TV-G,1 Season,"Animals & Nature, Docuseries, Family"
Dory's Reef Cam,United States,"December 18, 2020",2020,TV-G,182 min,"Animation, Family"
Into the Woods,United States,"December 18, 2020",2014,PG,126 min,"Action-Adventure, Fantasy, Musical"
"Miraculous World: New York, United Heroez","United Kingdom, United States, France","December 18, 2020",2020,TV-Y7-FV,60 min,"Action-Adventure, Animation, Fantasy"
On Pointe,United States,"December 18, 2020",2020,TV-PG,1 Season,"Docuseries, Family"
Wild Nordic,,"December 18, 2020",2019,TV-PG,1 Season,"Animals & Nature, Docuseries, Reality"
Disney Channel's Epic Holiday Showdown,United States,"December 11, 2020",2020,TV-G,50 min,"Fantasy, Variety"
Disney Holiday Magic Quest,United States,"December 11, 2020",2020,TV-G,46 min,Movies
Gender Revolution: A Journey With Katie Couric,United States,"December 11, 2020",2017,TV-14,93 min,Documentary
High School Musical: The Musical: The Holiday Special,United States,"December 11, 2020",2020,TV-G,46 min,"Drama, Music, Romance"
Ralph Breaks the Internet,United States,"December 11, 2020",2018,PG,116 min,"Action-Adventure, Animation, Comedy"
Safety,United States,"December 11, 2020",2020,PG,123 min,"Biographical, Drama, Sports"
Anastasia,United States,"December 4, 2020",1997,G,95 min,"Animation, Family, Fantasy"
Godmothered,United States,"December 4, 2020",2020,PG,113 min,"Comedy, Family, Fantasy"
Man vs. Shark,United States,"December 4, 2020",2019,TV-PG,45 min,"Animals & Nature, Documentary"
Mulan,"United States, Canada, Hong Kong","December 4, 2020",2020,PG-13,117 min,"Action-Adventure, Coming of Age, Drama"
Sky High,United States,"December 4, 2020",2005,PG,101 min,"Action-Adventure, Comedy, Family"
The Disney Holiday Singalong,United States,"December 4, 2020",2020,TV-G,45 min,"Family, Music, Variety"
The Nutcracker and the Four Realms,United States,"December 4, 2020",2018,PG,101 min,"Action-Adventure, Family, Fantasy"
"Alexander and the Terrible, Horrible, No Good, Very Bad Day",United States,"November 27, 2020",2014,PG,83 min,"Comedy, Coming of Age, Family"
Black Beauty,United States,"November 27, 2020",2020,TV-PG,111 min,"Animals & Nature, Coming of Age, Drama"
From Our Family to Yours,United Kingdom,"November 27, 2020",2020,TV-G,3 min,"Animation, Family"
Once Upon a Time in Wonderland,"Canada, United States","November 27, 2020",2013,TV-PG,1 Season,"Action-Adventure, Fantasy, Soap Opera / Melodrama"
Party Animals,,"November 27, 2020",2016,TV-G,1 Season,"Animals & Nature, Kids, Music"
Folklore: the long pond studio sessions,United States,"November 25, 2020",2020,TV-14,107 min,"Documentary, Music"
Bia,Argentina,"November 20, 2020",2019,TV-G,1 Season,"Coming of Age, Drama, Music"
Marvel's 616,United States,"November 20, 2020",2020,TV-14,1 Season,"Anthology, Docuseries"
Planes,United States,"November 20, 2020",2013,PG,94 min,"Action-Adventure, Animation, Comedy"
Planes: Fire & Rescue,United States,"November 20, 2020",2014,PG,85 min,"Action-Adventure, Animation, Comedy"
The Real Right Stuff,United States,"November 20, 2020",2020,TV-PG,90 min,"Documentary, Historical"
The Wonderful World of Mickey Mouse,United States,"November 18, 2020",2020,TV-G,1 Season,"Action-Adventure, Animation, Anthology"
LEGO Star Wars Holiday Special,United States,"November 17, 2020",2020,TV-Y7-FV,48 min,"Action-Adventure, Animation, Comedy"
Home Alone,United States,"November 13, 2020",1990,PG,103 min,"Comedy, Family"
Home Alone 2: Lost in New York,United States,"November 13, 2020",1992,PG,121 min,"Comedy, Family"
Home Alone 3,United States,"November 13, 2020",1997,PG,103 min,"Comedy, Family"
Inside Pixar,United States,"November 13, 2020",2020,TV-PG,1 Season,"Docuseries, Family"
Petra: Secrets of the Ancient Builders,United Arab Emirates,"November 13, 2020",2019,TV-G,45 min,"Documentary, Historical"
Ultimate Viking Sword,,"November 13, 2020",2019,TV-PG,45 min,"Documentary, Historical"
Disney's A Christmas Carol,United States,"November 6, 2020",2009,PG,97 min,"Animation, Fantasy"
Fancy Nancy (Shorts),,"November 6, 2020",2019,TV-Y,1 Season,"Animation, Kids"
Goldie & Bear,United States,"November 6, 2020",2015,TV-Y,2 Seasons,"Action-Adventure, Animation, Buddy"
Mr. Magoo,United States,"November 6, 2020",1997,PG,88 min,"Action-Adventure, Comedy, Crime"
Prep & Landing,United States,"November 6, 2020",2009,TV-G,23 min,"Animation, Family, Fantasy"
Prep & Landing: Naughty vs. Nice,United States,"November 6, 2020",2011,TV-G,23 min,"Animation, Family, Fantasy"
Disney Channel Halloween House Party,United States,"October 30, 2020",2020,TV-G,23 min,"Comedy, Variety"
The Mandalorian,United States,"October 30, 2020",2019,TV-14,2 Seasons,"Action-Adventure, Family, Science Fiction"
The Sorcerer's Apprentice,United States,"October 30, 2020",2010,PG,111 min,"Action-Adventure, Fantasy"
X-Ray Earth,United States,"October 30, 2020",2020,TV-PG,1 Season,"Animals & Nature, Docuseries, Reality"
Gathering Storm,United States,"October 23, 2020",2020,TV-PG,1 Season,"Animals & Nature, Docuseries"
India From Above,,"October 23, 2020",2019,TV-PG,1 Season,"Docuseries, Reality"
Marvel Super Hero Adventures,United States,"October 23, 2020",2017,TV-Y,4 Seasons,"Action-Adventure, Animation, Kids"
Once Upon a Snowman,United States,"October 23, 2020",2020,TV-PG,12 min,"Animation, Comedy, Coming of Age"
Pompeii: Secrets Of The Dead,United States,"October 23, 2020",2019,TV-PG,45 min,"Documentary, Historical"
Toy Story of Terror!,United States,"October 23, 2020",2013,TV-G,22 min,"Animation, Comedy, Family"
Beverly Hills Chihuahua,"United States, Mexico","October 16, 2020",2008,PG,95 min,"Action-Adventure, Comedy, Family"
Clouds,United States,"October 16, 2020",2020,PG-13,122 min,"Biographical, Drama, Music"
Lost on Everest,United States,"October 16, 2020",2020,TV-14,60 min,"Animals & Nature, Documentary, Survival"
Marvel's Iron Man & Captain America: Heroes United,United States,"October 16, 2020",2014,PG,72 min,"Action-Adventure, Animation, Science Fiction"
Meet The Chimps,United States,"October 16, 2020",2020,TV-PG,1 Season,"Animals & Nature, Docuseries, Family"
The Rocketeer,United States,"October 16, 2020",2019,TV-Y,1 Season,"Action-Adventure, Animation, Kids"
Oil Spill of The Century,,"October 9, 2020",2019,TV-PG,45 min,"Documentary, Historical"
The Chronicles Of Narnia: The Voyage of the Dawn Treader,"United States, United Kingdom","October 9, 2020",2010,PG,113 min,"Action-Adventure, Family, Fantasy"
The Right Stuff,United States,"October 9, 2020",2020,TV-14,1 Season,"Drama, Historical"
Wild Portugal,,"October 9, 2020",2020,TV-14,45 min,"Animals & Nature, Documentary, Family"
X2,"Canada, United States","October 9, 2020",2003,PG-13,134 min,"Action-Adventure, Family, Science Fiction"
Mr. Holland's Opus,United States,"October 2, 2020",1996,PG,143 min,"Drama, Music"
Disneynature Oceans,"France, Switzerland, Spain, United States, United Arab Emirates","September 25, 2020",2010,G,84 min,"Animals & Nature, Documentary, Family"
Hidden Figures,United States,"September 25, 2020",2016,PG,128 min,"Biographical, Drama, Family"
Magic of Disney's Animal Kingdom,United Kingdom,"September 25, 2020",2020,TV-PG,1 Season,"Animals & Nature, Docuseries, Family"
Secret Society of Second-Born Royals,United States,"September 25, 2020",2020,TV-PG,99 min,"Action-Adventure, Coming of Age, Family"
The Giant Robber Crab,United States,"September 25, 2020",2019,TV-PG,44 min,"Animals & Nature, Documentary"
Wild Central America,,"September 25, 2020",2020,TV-PG,1 Season,"Action-Adventure, Animals & Nature, Docuseries"
Ancient China from Above,United States,"September 18, 2020",2020,TV-14,1 Season,"Docuseries, Historical"
Becoming,United States,"September 18, 2020",2020,TV-PG,1 Season,"Anthology, Docuseries, Family"
Coop & Cami Ask The World,United States,"September 18, 2020",2018,TV-G,2 Seasons,"Comedy, Family, Kids"
Europe from Above,United Kingdom,"September 18, 2020",2019,TV-G,1 Season,"Docuseries, Reality"
Ever After: A Cinderella Story,United States,"September 18, 2020",1998,PG-13,122 min,"Drama, Romance"
Kingdom of the Mummies,United States,"September 18, 2020",2020,TV-14,1 Season,"Docuseries, Historical, Reality"
Morning Light,United States,"September 18, 2020",2008,PG,99 min,"Documentary, Sports"
Notre Dame: Race Against The Inferno,"United Kingdom, France","September 18, 2020",2019,TV-PG,45 min,Documentary
Once Upon a Time,United States,"September 18, 2020",2011,TV-PG,7 Seasons,"Action-Adventure, Fantasy, Soap Opera / Melodrama"
Soy Luna,"Argentina, Mexico","September 18, 2020",2015,TV-G,3 Seasons,"Comedy, Coming of Age, Drama"
Violetta,Argentina,"September 18, 2020",2011,TV-G,3 Seasons,"Coming of Age, Drama, Music"
Christopher Robin,"United Kingdom, United States","September 11, 2020",2018,PG,109 min,"Drama, Family, Fantasy"
D2: The Mighty Ducks,United States,"September 4, 2020",1994,PG,107 min,"Comedy, Drama, Family"
D3: The Mighty Ducks,United States,"September 4, 2020",1996,PG,104 min,"Comedy, Coming of Age, Drama"
Earth to Ned,United States,"September 4, 2020",2020,TV-PG,1 Season,"Comedy, Parody, Science Fiction"
Trick or Treat,United States,"September 4, 2020",1952,TV-G,9 min,"Animation, Family, Fantasy"
Alice Through the Looking Glass,"United States, United Kingdom","August 28, 2020",2016,PG,115 min,"Action-Adventure, Fantasy"
Phineas and Ferb The Movie: Candace Against the Universe,United States,"August 28, 2020",2020,TV-G,86 min,"Action-Adventure, Animation, Comedy"
Back to the Titanic,United Kingdom,"August 21, 2020",2020,TV-PG,44 min,"Documentary, Historical"
Beauty and the Beast,United States,"August 21, 2020",2017,PG,138 min,"Family, Fantasy, Musical"
Mars: One Day on the Red Planet,United States,"August 21, 2020",2020,TV-PG,88 min,Documentary
The One and Only Ivan,United States,"August 21, 2020",2020,PG,95 min,"Drama, Family, Fantasy"
"Weirdest, Bestest, Truest",,"August 21, 2020",2018,TV-G,1 Season,"Animals & Nature, Kids, Variety"
Disney Junior T.O.T.S.: Calling All T.O.T.S. (Shorts),,"August 14, 2020",2020,TV-Y,1 Season,"Animation, Kids, Music"
Disney Zombies 2,United States,"August 14, 2020",2020,TV-G,84 min,"Coming of Age, Fantasy, Musical"
India's Wild Leopards,India,"August 14, 2020",2020,TV-14,45 min,"Animals & Nature, Documentary"
Jungle Animal Rescue,United States,"August 14, 2020",2019,TV-PG,1 Season,"Animals & Nature, Docuseries, Family"
Magic Camp,United States,"August 14, 2020",2020,PG,101 min,"Comedy, Family"
Marvel Studios' Ant-Man and the Wasp,United States,"August 14, 2020",2018,PG-13,120 min,"Action-Adventure, Comedy, Science Fiction"
Nature Boom Time,United States,"August 14, 2020",2016,TV-G,1 Season,"Animals & Nature, Docuseries, Kids"
Sam's Zookeeper Challenge,United States,"August 14, 2020",2018,TV-G,1 Season,"Animals & Nature, Docuseries, Family"
Scuba Sam's World,United States,"August 14, 2020",2018,TV-G,1 Season,"Animals & Nature, Docuseries, Kids"
Spaced Out,,"August 14, 2020",2018,TV-G,1 Season,"Docuseries, Kids"
The Greatest Showman,United States,"August 14, 2020",2017,PG,106 min,"Biographical, Drama, Family"
Weird But True!,United States,"August 14, 2020",2017,TV-G,3 Seasons,"Animals & Nature, Kids, Variety"
Wild Cats of India,United States,"August 14, 2020",2020,TV-PG,1 Season,"Animals & Nature, Docuseries, Family"
Howard,United States,"August 7, 2020",2020,TV-PG,95 min,"Biographical, Documentary, Music"
Prince of Persia: The Sands of Time,United States,"August 7, 2020",2010,PG-13,117 min,"Action-Adventure, Fantasy"
Star Wars: Galaxy's Edge-Adventure Awaits,United States,"August 7, 2020",2019,TV-PG,81 min,"Documentary, Family"
The Hidden Kingdoms of China,United States,"August 7, 2020",2020,TV-PG,88 min,"Animals & Nature, Documentary, Family"
The Peanuts Movie,United States,"August 7, 2020",2015,G,89 min,"Animation, Comedy, Family"
UFO Europe: The Untold Stories,,"August 7, 2020",2012,TV-PG,1 Season,"Docuseries, Reality"
Animal Showdown,,"July 31, 2020",2018,TV-G,1 Season,"Animals & Nature, Docuseries, Family"
Best Job Ever,,"July 31, 2020",2018,TV-G,1 Season,"Animals & Nature, Docuseries, Family"
Big Cat Games,,"July 31, 2020",2015,TV-PG,44 min,"Animals & Nature, Family, Reality"
Black Is King,United States,"July 31, 2020",2020,TV-14,86 min,"Dance, Music, Musical"
Cradle of the Gods,United Kingdom,"July 31, 2020",2012,TV-PG,45 min,"Documentary, Historical"
Destination World,,"July 31, 2020",2018,TV-G,1 Season,"Animals & Nature, Docuseries, Kids"
Fearless Adventures with Jack Randall,,"July 31, 2020",2018,TV-PG,1 Season,"Animals & Nature, Docuseries, Family"
Hunt for the Abominable Snowman,,"July 31, 2020",2011,TV-PG,45 min,Documentary
Incredibles 2,United States,"July 31, 2020",2018,PG,118 min,"Action-Adventure, Animation, Family"
King Fishers,United Kingdom,"July 31, 2020",2013,TV-PG,1 Season,"Action-Adventure, Animals & Nature, Docuseries"
Lost Temple of the Inca,United States,"July 31, 2020",2020,TV-PG,44 min,Documentary
Marvel Funko Shorts,,"July 31, 2020",2016,TV-Y7,2 Seasons,"Action-Adventure, Animation, Anthology"
Muppets Now,United States,"July 31, 2020",2020,TV-PG,1 Season,"Comedy, Family, Lifestyle"
Surviving the Mount St. Helens Disaster,United Kingdom,"July 31, 2020",2020,TV-PG,44 min,"Animals & Nature, Documentary"
What Sam Sees,,"July 31, 2020",2018,TV-G,1 Season,"Animals & Nature, Docuseries, Family"
Pirates of the Caribbean: Dead Men Tell No Tales,United States,"July 24, 2020",2017,PG-13,129 min,"Action-Adventure, Fantasy"
PJ Masks (Shorts),,"July 24, 2020",2017,TV-Y,1 Season,"Action-Adventure, Animation, Kids"
Rogue Trip,,"July 24, 2020",2020,TV-PG,1 Season,"Buddy, Docuseries"
Wild Congo,,"July 24, 2020",2014,TV-PG,1 Season,"Animals & Nature, Docuseries, Family"
Wild Sri Lanka,United Kingdom,"July 24, 2020",2016,TV-PG,1 Season,"Animals & Nature, Docuseries"
A Pre-Opening Report from Disneyland,United States,"July 17, 2020",1955,TV-PG,55 min,"Documentary, Family, Historical"
Diary of a Wimpy Kid: The Long Haul,United States,"July 17, 2020",2017,PG,92 min,"Comedy, Family"
Disney Junior Music Lullabies,,"July 17, 2020",2018,TV-Y,1 Season,"Animation, Kids, Music"
Lost City of Machu Picchu,United States,"July 17, 2020",2019,TV-14,44 min,"Documentary, Family"
Super Robot Monkey Team Hyperforce Go!,"United States, Japan","July 17, 2020",2004,TV-Y7,2 Seasons,"Action-Adventure, Animation, Anime"
The Mouseketeers at Walt Disney World,United States,"July 17, 2020",1977,TV-PG,56 min,"Coming of Age, Drama, Family"
Wild Chile,United Kingdom,"July 17, 2020",2017,TV-PG,1 Season,"Animals & Nature, Docuseries, Family"
X-Men: Apocalypse,United States,"July 17, 2020",2016,PG-13,144 min,"Action-Adventure, Family, Science Fiction"
Cosmos: A Spacetime Odyssey,United States,"July 10, 2020",2013,TV-PG,1 Season,"Action-Adventure, Docuseries, Family"
Hamilton: History Has Its Eyes on You,United States,"July 10, 2020",2020,TV-PG,47 min,"Historical, Musical"
Solo: A Star Wars Story,United States,"July 10, 2020",2018,PG-13,135 min,"Action-Adventure, Crime, Science Fiction"
X-Men: Days of Future Past,"United States, United Kingdom, Canada","July 10, 2020",2014,PG-13,132 min,"Action-Adventure, Family, Science Fiction"
The Undefeated Presents: Hamilton In-Depth,United States,"July 5, 2020",2020,TV-PG,33 min,"Historical, Musical"
Animal ER,United States,"July 3, 2020",2016,TV-PG,2 Seasons,"Animals & Nature, Docuseries, Family"
Diary of a Wimpy Kid: Rodrick Rules,United States,"July 3, 2020",2011,PG,100 min,"Comedy, Family"
Hamilton,United States,"July 3, 2020",2020,PG-13,160 min,"Biographical, Historical, Musical"
Ice Age: Collision Course,"United States, United Kingdom, Australia","July 3, 2020",2016,PG,97 min,"Action-Adventure, Animation, Comedy"
Race to Witch Mountain,United States,"July 3, 2020",2009,PG,100 min,"Action-Adventure, Family, Science Fiction"
The Big Green,United States,"July 3, 2020",1995,PG,100 min,"Comedy, Family, Sports"
The Mighty Ducks,United States,"July 3, 2020",1992,PG,104 min,"Comedy, Drama, Sports"
While You Were Sleeping,United States,"July 3, 2020",1995,PG,104 min,"Comedy, Drama, Romance"
Disney A.N.T. Farm,United States,"June 26, 2020",2011,TV-G,3 Seasons,"Comedy, Coming of Age, Music"
Into the Unknown: Making Frozen 2,United States,"June 26, 2020",2020,TV-PG,1 Season,"Docuseries, Family"
Man in Space,United States,"June 26, 2020",1955,TV-PG,49 min,"Documentary, Family"
Mars and Beyond,United States,"June 26, 2020",1957,TV-G,53 min,"Animation, Documentary, Family"
Marvel Studios' Avengers: Infinity War,United States,"June 26, 2020",2018,PG-13,152 min,"Action-Adventure, Fantasy, Science Fiction"
Tarzan,United States,"June 26, 2020",1999,G,93 min,"Action-Adventure, Animation, Coming of Age"
Tarzan II,United States,"June 26, 2020",2005,G,75 min,"Action-Adventure, Animation, Coming of Age"
101 Dalmatians (Series),,"June 19, 2020",1997,TV-Y7,1 Season,"Action-Adventure, Animation, Kids"
Big Sur: Wild California,United States,"June 19, 2020",2010,TV-PG,47 min,"Animals & Nature, Documentary, Family"
Disney Junior Muppet Babies Play Date,,"June 19, 2020",2018,TV-Y,1 Season,"Comedy, Kids"
Egypt's Treasure Guardians,United Kingdom,"June 19, 2020",2016,TV-PG,44 min,"Documentary, Historical"
The Jungle Book,"United Kingdom, United States","June 19, 2020",2016,PG,108 min,"Action-Adventure, Coming of Age, Family"
The Pirate Fairy,United States,"June 19, 2020",2014,G,78 min,"Action-Adventure, Animation, Family"
Trail Mix-Up,United States,"June 19, 2020",1993,TV-G,9 min,"Action-Adventure, Animation, Comedy"
Tummy Trouble,United States,"June 19, 2020",1989,TV-G,8 min,"Action-Adventure, Animation, Comedy"
Artemis Fowl,United States,"June 12, 2020",2020,PG,96 min,"Action-Adventure, Crime, Fantasy"
Mighty Med,United States,"June 12, 2020",2013,TV-Y7,2 Seasons,"Comedy, Coming of Age, Medical"
The Liberty Story,United States,"June 12, 2020",1957,TV-PG,48 min,"Drama, Family, Historical"
The Story of the Animated Drawing,United States,"June 12, 2020",1955,TV-PG,49 min,"Documentary, Family"
Walt & El Grupo,United States,"June 12, 2020",2009,PG,108 min,"Documentary, Historical"
Alaska's Grizzly Gauntlet,United States,"June 5, 2020",2018,TV-PG,1 Season,"Animals & Nature, Docuseries, Family"
America's Greatest Animals,United States,"June 5, 2020",2012,TV-PG,90 min,"Animals & Nature, Documentary, Family"
Chasing the Equinox,,"June 5, 2020",2019,TV-PG,45 min,Documentary
Howie Mandel's Animals Doing Things,United States,"June 5, 2020",2017,TV-PG,2 Seasons,"Animals & Nature, Comedy, Family"
Japan: Between Earth and Sky,"France, Japan","June 5, 2020",2017,TV-PG,1 Season,"Animals & Nature, Docuseries"
Percy Jackson & The Olympians: The Lightning Thief,"United Kingdom, Canada, United States","June 5, 2020",2010,PG,119 min,"Action-Adventure, Family, Fantasy"
Secrets of Wild India,United Kingdom,"June 5, 2020",2012,TV-PG,1 Season,"Animals & Nature, Docuseries, Family"
The Greeks,United States,"June 5, 2020",2016,TV-PG,1 Season,"Docuseries, Historical"
Wild Hawaii,United States,"June 5, 2020",2014,TV-PG,1 Season,"Animals & Nature, Docuseries, Family"
Women Of Impact: Changing The World,United States,"June 5, 2020",2019,TV-PG,44 min,"Documentary, Historical"
"Maggie Simpson in ""The Longest Daycare""",United States,"May 29, 2020",2012,PG,5 min,"Animation, Comedy"
Mickey and the Seal,United States,"May 29, 2020",1948,TV-G,7 min,"Animation, Family"
The Evermoor Chronicles,"United Kingdom, United States","May 29, 2020",2015,TV-PG,2 Seasons,"Coming of Age, Fantasy, Mystery"
The Moon-Spinners,United States,"May 29, 2020",1964,PG,119 min,"Crime, Drama, Mystery"
Doc McStuffins,"United States, Ireland","May 22, 2020",2011,TV-Y7,5 Seasons,"Animation, Kids, Medical"
Fantastic Mr. Fox,"United States, United Kingdom","May 22, 2020",2009,PG,88 min,"Animation, Comedy, Crime"
"Hello, Dolly!",United States,"May 22, 2020",1969,G,147 min,"Comedy, Musical, Romance"
Marvel's Future Avengers,,"May 22, 2020",2017,TV-Y7,2 Seasons,"Action-Adventure, Animation, Anime"
Out,United States,"May 22, 2020",2020,PG,12 min,"Animation, Family, Fantasy"
The Big Fib,United States,"May 22, 2020",2019,TV-PG,1 Season,"Family, Game Show / Competition"
The Boys: The Sherman Brothers' Story,United States,"May 22, 2020",2009,PG,102 min,"Biographical, Documentary, Music"
It's a Dog's Life with Bill Farmer,United States,"May 15, 2020",2020,TV-PG,1 Season,"Animals & Nature, Docuseries, Family"
Maleficent: Mistress of Evil,"United States, United Kingdom, Canada","May 15, 2020",2019,PG,121 min,"Action-Adventure, Family, Fantasy"
Star Wars: The Rise of Skywalker (Episode IX),United States,"May 4, 2020",2019,PG-13,142 min,"Action-Adventure, Family, Science Fiction"
John Carter,United States,"May 2, 2020",2012,PG-13,134 min,"Action-Adventure, Family, Fantasy"
Awesome Animals,,"May 1, 2020",2017,TV-PG,1 Season,"Animals & Nature, Docuseries, Family"
Birth of Europe,United Kingdom,"May 1, 2020",2014,TV-G,1 Season,Docuseries
Bride of Boogedy,United States,"May 1, 2020",1987,TV-PG,93 min,"Action-Adventure, Family, Fantasy"
Buried Secrets Of The Bible With Albert Lin,,"May 1, 2020",2019,TV-PG,1 Season,"Action-Adventure, Docuseries, Historical"
Disney Prop Culture,United States,"May 1, 2020",2020,TV-PG,1 Season,Docuseries
George of the Jungle,United States,"May 1, 2020",1997,PG,93 min,"Action-Adventure, Comedy, Family"
Homeward Bound II: Lost in San Francisco,United States,"May 1, 2020",1996,G,90 min,"Action-Adventure, Animals & Nature, Family"
Homeward Bound: The Incredible Journey,United States,"May 1, 2020",1993,G,85 min,"Action-Adventure, Animals & Nature, Family"